<?xml version="1.0" encoding="UTF-8"?>
<metadata xml:lang="en"><Esri><CreaDate>20181130</CreaDate><CreaTime>12300300</CreaTime><ArcGISFormat>1.0</ArcGISFormat><SyncOnce>TRUE</SyncOnce><DataProperties><itemProps><itemLocation><linkage Sync="TRUE">file://\\win.mit.edu\dfs\Departmental\Libraries\Libraries_General\GIS\workshops_presentations\Tools and processing\GIS Level 2\GIS Level 2 IAP 2019\Data\Final Exercise\Bay_street_building</linkage><protocol Sync="TRUE">Local Area Network</protocol></itemLocation></itemProps><copyHistory><copy source="R:\GIS\workshops_presentations\Intro workshops\Intro Presentations\Introdution to GIS Nov2018\Data\Final Exercise\Bay_street_building" dest="\\win.mit.edu\dfs\Departmental\Libraries\Libraries_General\GIS\workshops_presentations\Tools and processing\GIS Level 2\GIS Level 2 IAP 2019\Data\Final Exercise\Bay_street_building" date="20181130" time="12300300"></copy></copyHistory></DataProperties></Esri></metadata>
