<?xml version="1.0" encoding="UTF-8"?>
<metadata><Esri><CreaDate>20200604</CreaDate><CreaTime>14455500</CreaTime><SyncOnce>FALSE</SyncOnce><SyncDate>20181211</SyncDate><SyncTime>16304700</SyncTime><ModDate>20181211</ModDate><ModTime>16304700</ModTime><ArcGISFormat>1.0</ArcGISFormat><ArcGISstyle>FGDC CSDGM Metadata</ArcGISstyle><DataProperties><itemProps><itemLocation><linkage Sync="TRUE">file://\\LIBS7-0493278\Users\dsheehan\Desktop\IAP2019\Level2\Network\ForWorkshop\JerseyCity.mdb</linkage><protocol Sync="TRUE">Local Area Network</protocol></itemLocation><itemName Sync="TRUE">Streets</itemName><nativeExtBox><westBL Sync="TRUE">196402.390000</westBL><eastBL Sync="TRUE">654540.440000</eastBL><southBL Sync="TRUE">35505.711250</southBL><northBL Sync="TRUE">918742.820000</northBL><exTypeCode Sync="TRUE">1</exTypeCode></nativeExtBox><imsContentType Sync="TRUE" export="False">002</imsContentType><itemSize Sync="TRUE">0.000</itemSize></itemProps><coordRef><type Sync="TRUE">Projected</type><geogcsn Sync="TRUE">GCS_North_American_1983</geogcsn><csUnits Sync="TRUE">Linear Unit: Foot_US (0.304801)</csUnits><projcsn Sync="TRUE">NAD_1983_StatePlane_New_Jersey_FIPS_2900_Feet</projcsn><peXml Sync="TRUE">&lt;ProjectedCoordinateSystem xsi:type='typens:ProjectedCoordinateSystem' xmlns:xsi='http://www.w3.org/2001/XMLSchema-instance' xmlns:xs='http://www.w3.org/2001/XMLSchema' xmlns:typens='http://www.esri.com/schemas/ArcGIS/10.6'&gt;&lt;WKT&gt;PROJCS[&amp;quot;NAD_1983_StatePlane_New_Jersey_FIPS_2900_Feet&amp;quot;,GEOGCS[&amp;quot;GCS_North_American_1983&amp;quot;,DATUM[&amp;quot;D_North_American_1983&amp;quot;,SPHEROID[&amp;quot;GRS_1980&amp;quot;,6378137.0,298.257222101]],PRIMEM[&amp;quot;Greenwich&amp;quot;,0.0],UNIT[&amp;quot;Degree&amp;quot;,0.0174532925199433]],PROJECTION[&amp;quot;Transverse_Mercator&amp;quot;],PARAMETER[&amp;quot;False_Easting&amp;quot;,492125.0],PARAMETER[&amp;quot;False_Northing&amp;quot;,0.0],PARAMETER[&amp;quot;Central_Meridian&amp;quot;,-74.5],PARAMETER[&amp;quot;Scale_Factor&amp;quot;,0.9999],PARAMETER[&amp;quot;Latitude_Of_Origin&amp;quot;,38.83333333333334],UNIT[&amp;quot;Foot_US&amp;quot;,0.3048006096012192],AUTHORITY[&amp;quot;EPSG&amp;quot;,3424]]&lt;/WKT&gt;&lt;XOrigin&gt;-17954600&lt;/XOrigin&gt;&lt;YOrigin&gt;-46918100&lt;/YOrigin&gt;&lt;XYScale&gt;3048.0060960121928&lt;/XYScale&gt;&lt;ZOrigin&gt;-100000&lt;/ZOrigin&gt;&lt;ZScale&gt;10000&lt;/ZScale&gt;&lt;MOrigin&gt;-1034.8203235000001&lt;/MOrigin&gt;&lt;MScale&gt;10000&lt;/MScale&gt;&lt;XYTolerance&gt;0.0032808333333333331&lt;/XYTolerance&gt;&lt;ZTolerance&gt;0.001&lt;/ZTolerance&gt;&lt;MTolerance&gt;0.001&lt;/MTolerance&gt;&lt;HighPrecision&gt;true&lt;/HighPrecision&gt;&lt;WKID&gt;102711&lt;/WKID&gt;&lt;LatestWKID&gt;3424&lt;/LatestWKID&gt;&lt;/ProjectedCoordinateSystem&gt;</peXml></coordRef><lineage><Process ToolSource="c:\program files (x86)\arcgis\desktop10.2\ArcToolbox\Toolboxes\Data Management Tools.tbx\CalculateField" Date="20161017" Time="111133">CalculateField NJ_ROADWAY_NETWORK20161001 ROUTE_SUBTYPE1 [ROUTE_SUBTYPE] VB #</Process><Process ToolSource="c:\program files (x86)\arcgis\desktop10.2\ArcToolbox\Toolboxes\Data Management Tools.tbx\CalculateField" Date="20161017" Time="111300">CalculateField NJ_ROADWAY_NETWORK20161001 RTE_LABEL [ROAD_NUM] VB #</Process><Process ToolSource="c:\program files (x86)\arcgis\desktop10.3\ArcToolbox\Toolboxes\Data Management Tools.tbx\CalculateField" Date="20170721" Time="151536">CalculateField NJ_ROADWAY_NETWORK2016 ObJID [OBJECTID] VB #</Process><Process ToolSource="c:\program files (x86)\arcgis\desktop10.3\ArcToolbox\Toolboxes\Conversion Tools.tbx\FeatureClassToFeatureClass" Date="20170818" Time="091732">FeatureClassToFeatureClass C:\Projects\NJ_Roadway_Network\NJ_Roadway_Network.gdb\NJ_ROADWAY_NETWORK2016 C:\Projects\NJ_Roadway_Network NJ_Roadway_Network.shp # "SRI "SRI" true false false 20 Text 0 0 ,First,#,C:\Projects\NJ_Roadway_Network\NJ_Roadway_Network.gdb\NJ_ROADWAY_NETWORK2016,SRI,-1,-1;MP_START "MP_START" true false false 4 Float 0 0 ,First,#,C:\Projects\NJ_Roadway_Network\NJ_Roadway_Network.gdb\NJ_ROADWAY_NETWORK2016,MP_START,-1,-1;MP_END "MP_END" true false false 4 Float 0 0 ,First,#,C:\Projects\NJ_Roadway_Network\NJ_Roadway_Network.gdb\NJ_ROADWAY_NETWORK2016,MP_END,-1,-1;DIRECTION "DIRECTION" true true false 50 Text 0 0 ,First,#,C:\Projects\NJ_Roadway_Network\NJ_Roadway_Network.gdb\NJ_ROADWAY_NETWORK2016,DIRECTION,-1,-1;SLD_NAME "SLD_NAME" true true false 50 Text 0 0 ,First,#,C:\Projects\NJ_Roadway_Network\NJ_Roadway_Network.gdb\NJ_ROADWAY_NETWORK2016,SLD_NAME,-1,-1;MEASURED_L "MEASURED_LENGTH" true true false 4 Float 0 0 ,First,#,C:\Projects\NJ_Roadway_Network\NJ_Roadway_Network.gdb\NJ_ROADWAY_NETWORK2016,MEASURED_LENGTH,-1,-1;PARENT_SRI "PARENT_SRI" true false false 20 Text 0 0 ,First,#,C:\Projects\NJ_Roadway_Network\NJ_Roadway_Network.gdb\NJ_ROADWAY_NETWORK2016,PARENT_SRI,-1,-1;PARENT_MP_ "PARENT_MP_START" true false false 4 Float 0 0 ,First,#,C:\Projects\NJ_Roadway_Network\NJ_Roadway_Network.gdb\NJ_ROADWAY_NETWORK2016,PARENT_MP_START,-1,-1;PARENT_MP1 "PARENT_MP_END" true false false 4 Float 0 0 ,First,#,C:\Projects\NJ_Roadway_Network\NJ_Roadway_Network.gdb\NJ_ROADWAY_NETWORK2016,PARENT_MP_END,-1,-1;ACTIVE "ACTIVE" true true false 1 Text 0 0 ,First,#,C:\Projects\NJ_Roadway_Network\NJ_Roadway_Network.gdb\NJ_ROADWAY_NETWORK2016,ACTIVE,-1,-1;YEAR_ACTIV "YEAR_ACTIVE" true true false 8 Date 0 0 ,First,#,C:\Projects\NJ_Roadway_Network\NJ_Roadway_Network.gdb\NJ_ROADWAY_NETWORK2016,YEAR_ACTIVE,-1,-1;YEAR_RETIR "YEAR_RETIRED" true true false 8 Date 0 0 ,First,#,C:\Projects\NJ_Roadway_Network\NJ_Roadway_Network.gdb\NJ_ROADWAY_NETWORK2016,YEAR_RETIRED,-1,-1;ROUTE_SUBT "ROUTE_SUBTYPE" true false false 2 Short 0 0 ,First,#,C:\Projects\NJ_Roadway_Network\NJ_Roadway_Network.gdb\NJ_ROADWAY_NETWORK2016,ROUTE_SUBTYPE,-1,-1;ROAD_NUM "ROAD_NUM" true true false 5 Text 0 0 ,First,#,C:\Projects\NJ_Roadway_Network\NJ_Roadway_Network.gdb\NJ_ROADWAY_NETWORK2016,ROAD_NUM,-1,-1;UPDT_USER_ "UPDT_USER_NAME" true true false 50 Text 0 0 ,First,#,C:\Projects\NJ_Roadway_Network\NJ_Roadway_Network.gdb\NJ_ROADWAY_NETWORK2016,UPDT_USER_NAME,-1,-1;UPDT_DATE "UPDT_DATE" true true false 8 Date 0 0 ,First,#,C:\Projects\NJ_Roadway_Network\NJ_Roadway_Network.gdb\NJ_ROADWAY_NETWORK2016,UPDT_DATE,-1,-1;CREATED_US "CREATED_USER_NAME" true true false 50 Text 0 0 ,First,#,C:\Projects\NJ_Roadway_Network\NJ_Roadway_Network.gdb\NJ_ROADWAY_NETWORK2016,CREATED_USER_NAME,-1,-1;CREATED_DA "CREATED_DATE" true true false 8 Date 0 0 ,First,#,C:\Projects\NJ_Roadway_Network\NJ_Roadway_Network.gdb\NJ_ROADWAY_NETWORK2016,CREATED_DATE,-1,-1;SRI_OLD "SRI_OLD" true true false 20 Text 0 0 ,First,#,C:\Projects\NJ_Roadway_Network\NJ_Roadway_Network.gdb\NJ_ROADWAY_NETWORK2016,SRI_OLD,-1,-1;Shape_Leng "Shape_Leng" false true true 8 Double 0 0 ,First,#,C:\Projects\NJ_Roadway_Network\NJ_Roadway_Network.gdb\NJ_ROADWAY_NETWORK2016,Shape_Length,-1,-1;ROUTE_SU_1 "ROUTE_SU_1" true true false 2 Short 0 0 ,First,#,C:\Projects\NJ_Roadway_Network\NJ_Roadway_Network.gdb\NJ_ROADWAY_NETWORK2016,ROUTE_SUBTYPE1,-1,-1;SRIRESERV "SRIRESERV" true true false 20 Text 0 0 ,First,#,C:\Projects\NJ_Roadway_Network\NJ_Roadway_Network.gdb\NJ_ROADWAY_NETWORK2016,SRIRESERV,-1,-1;RESERVDBL1 "RESERVDBL1" true true false 8 Double 0 0 ,First,#,C:\Projects\NJ_Roadway_Network\NJ_Roadway_Network.gdb\NJ_ROADWAY_NETWORK2016,RESERVDBL1,-1,-1;RESERVDBL2 "RESERVDBL2" true true false 8 Double 0 0 ,First,#,C:\Projects\NJ_Roadway_Network\NJ_Roadway_Network.gdb\NJ_ROADWAY_NETWORK2016,RESERVDBL2,-1,-1;RESERVTXT1 "RESERVTXT1" true true false 50 Text 0 0 ,First,#,C:\Projects\NJ_Roadway_Network\NJ_Roadway_Network.gdb\NJ_ROADWAY_NETWORK2016,RESERVTXT1,-1,-1;RESERVTXT2 "RESERVTXT2" true true false 50 Text 0 0 ,First,#,C:\Projects\NJ_Roadway_Network\NJ_Roadway_Network.gdb\NJ_ROADWAY_NETWORK2016,RESERVTXT2,-1,-1;RTE_LABEL "RTE_LABEL" true true false 10 Text 0 0 ,First,#,C:\Projects\NJ_Roadway_Network\NJ_Roadway_Network.gdb\NJ_ROADWAY_NETWORK2016,RTE_LABEL,-1,-1;ObJID "ObJID" true true false 4 Long 0 0 ,First,#,C:\Projects\NJ_Roadway_Network\NJ_Roadway_Network.gdb\NJ_ROADWAY_NETWORK2016,ObJID,-1,-1" #</Process><Process ToolSource="c:\program files (x86)\arcgis\desktop10.6\ArcToolbox\Toolboxes\Conversion Tools.tbx\FeatureClassToFeatureClass" Date="20181211" Time="163117">FeatureClassToFeatureClass JerseyCityStreets C:\Users\dsheehan\Desktop\IAP2019\Level2\Network\ForWorkshop\JerseyCity.mdb\JerseyCityData Streets # "SRI "SRI" true true false 20 Text 0 0 ,First,#,JerseyCityStreets,SRI,-1,-1;MP_START "MP_START" true true false 13 Float 0 0 ,First,#,JerseyCityStreets,MP_START,-1,-1;MP_END "MP_END" true true false 13 Float 0 0 ,First,#,JerseyCityStreets,MP_END,-1,-1;DIRECTION "DIRECTION" true true false 50 Text 0 0 ,First,#,JerseyCityStreets,DIRECTION,-1,-1;SLD_NAME "SLD_NAME" true true false 50 Text 0 0 ,First,#,JerseyCityStreets,SLD_NAME,-1,-1;MEASURED_L "MEASURED_L" true true false 13 Float 0 0 ,First,#,JerseyCityStreets,MEASURED_L,-1,-1;PARENT_SRI "PARENT_SRI" true true false 20 Text 0 0 ,First,#,JerseyCityStreets,PARENT_SRI,-1,-1;PARENT_MP_ "PARENT_MP_" true true false 13 Float 0 0 ,First,#,JerseyCityStreets,PARENT_MP_,-1,-1;PARENT_MP1 "PARENT_MP1" true true false 13 Float 0 0 ,First,#,JerseyCityStreets,PARENT_MP1,-1,-1;ACTIVE "ACTIVE" true true false 1 Text 0 0 ,First,#,JerseyCityStreets,ACTIVE,-1,-1;YEAR_ACTIV "YEAR_ACTIV" true true false 8 Date 0 0 ,First,#,JerseyCityStreets,YEAR_ACTIV,-1,-1;YEAR_RETIR "YEAR_RETIR" true true false 8 Date 0 0 ,First,#,JerseyCityStreets,YEAR_RETIR,-1,-1;ROUTE_SUBT "ROUTE_SUBT" true true false 5 Long 0 5 ,First,#,JerseyCityStreets,ROUTE_SUBT,-1,-1;ROAD_NUM "ROAD_NUM" true true false 5 Text 0 0 ,First,#,JerseyCityStreets,ROAD_NUM,-1,-1;UPDT_USER_ "UPDT_USER_" true true false 50 Text 0 0 ,First,#,JerseyCityStreets,UPDT_USER_,-1,-1;UPDT_DATE "UPDT_DATE" true true false 8 Date 0 0 ,First,#,JerseyCityStreets,UPDT_DATE,-1,-1;CREATED_US "CREATED_US" true true false 50 Text 0 0 ,First,#,JerseyCityStreets,CREATED_US,-1,-1;CREATED_DA "CREATED_DA" true true false 8 Date 0 0 ,First,#,JerseyCityStreets,CREATED_DA,-1,-1;SRI_OLD "SRI_OLD" true true false 20 Text 0 0 ,First,#,JerseyCityStreets,SRI_OLD,-1,-1;Shape_Leng "Shape_Leng" true true false 19 Double 0 0 ,First,#,JerseyCityStreets,Shape_Leng,-1,-1;ROUTE_SU_1 "ROUTE_SU_1" true true false 5 Long 0 5 ,First,#,JerseyCityStreets,ROUTE_SU_1,-1,-1;SRIRESERV "SRIRESERV" true true false 20 Text 0 0 ,First,#,JerseyCityStreets,SRIRESERV,-1,-1;RESERVDBL1 "RESERVDBL1" true true false 19 Double 0 0 ,First,#,JerseyCityStreets,RESERVDBL1,-1,-1;RESERVDBL2 "RESERVDBL2" true true false 19 Double 0 0 ,First,#,JerseyCityStreets,RESERVDBL2,-1,-1;RESERVTXT1 "RESERVTXT1" true true false 50 Text 0 0 ,First,#,JerseyCityStreets,RESERVTXT1,-1,-1;RESERVTXT2 "RESERVTXT2" true true false 50 Text 0 0 ,First,#,JerseyCityStreets,RESERVTXT2,-1,-1;RTE_LABEL "RTE_LABEL" true true false 10 Text 0 0 ,First,#,JerseyCityStreets,RTE_LABEL,-1,-1;ObJID "ObJID" true true false 10 Long 0 10 ,First,#,JerseyCityStreets,ObJID,-1,-1" #</Process><Process ToolSource="c:\program files (x86)\arcgis\desktop10.6\ArcToolbox\Toolboxes\Data Management Tools.tbx\CalculateField" Date="20181211" Time="163454">CalculateField Streets NAME [SLD_NAME] VB #</Process><Process ToolSource="c:\program files (x86)\arcgis\desktop10.6\ArcToolbox\Toolboxes\Data Management Tools.tbx\RepairGeometry" Date="20181212" Time="100742">RepairGeometry C:\Users\dsheehan\Desktop\IAP2019\Level2\Network\ForWorkshop\JerseyCity.mdb\JerseyCityData\Streets DELETE_NULL</Process><Process ToolSource="c:\program files (x86)\arcgis\desktop10.6\ArcToolbox\Toolboxes\Data Management Tools.tbx\RepairGeometry" Date="20181212" Time="104641">RepairGeometry C:\Users\dsheehan\Desktop\IAP2019\Level2\Network\ForWorkshop\JerseyCity.mdb\JerseyCityData\Streets DELETE_NULL</Process></lineage><copyHistory><copy source="C:\Users\dsheehan\Desktop\IAP2019\Level2\Network\JerseyCityStreets" dest="\\LIBS7-0493278\Users\dsheehan\Desktop\IAP2019\Level2\Network\ForWorkshop\JerseyCityStreets" date="20181207" time="16000700"></copy></copyHistory></DataProperties><ArcGISProfile>ISO19139</ArcGISProfile><scaleRange><minScale>50000</minScale><maxScale>5000</maxScale></scaleRange></Esri><mdLang><languageCode value="eng"/><countryCode value="USA" Sync="TRUE"/></mdLang><mdChar><CharSetCd value="004"/></mdChar><mdHrLv><ScopeCd value="005"/></mdHrLv><mdContact xmlns=""><rpIndName>Donald O. Perry</rpIndName><rpOrgName>NJDOT</rpOrgName><rpPosName>GIS Specialist 1</rpPosName><rpCntInfo><cntPhone><voiceNum>609-530-2945</voiceNum><faxNum>609-530-3514</faxNum></cntPhone><cntAddress addressType="both"><delPoint>1035 Parkway Ave</delPoint><city>Trenton</city><adminArea>NJ</adminArea><postCode>08625</postCode><country>US</country><eMailAdd>Don.Perry@dot.nj.gov</eMailAdd></cntAddress></rpCntInfo><role><RoleCd value="007"/></role></mdContact><mdDateSt Sync="FALSE">20161001</mdDateSt><mdStanName>ArcGIS Metadata</mdStanName><mdStanVer>1.0</mdStanVer><distInfo><distributor><distorCont><rpIndName>Donald O. Perry</rpIndName><rpOrgName>NJDOT</rpOrgName><rpPosName>GIS Specialist 1</rpPosName><rpCntInfo><cntPhone><voiceNum>609-530-2945</voiceNum><faxNum>609-530-3514</faxNum></cntPhone><cntAddress addressType="both"><delPoint>1035 Parkway Ave.</delPoint><city>Trenton</city><adminArea>New Jersey</adminArea><postCode>08625</postCode><country>US</country><eMailAdd>Don.Perry@dot.nj.gov</eMailAdd></cntAddress></rpCntInfo><role><RoleCd value="005"/></role></distorCont><distorOrdPrc><resFees>none</resFees><ordInstr>File name is NJ_Roadway_Network and it can be downloaded from the NJDOT website.</ordInstr></distorOrdPrc><distorFormat><formatName>Personal Geodatabase</formatName><fileDecmTech>Zip</fileDecmTech></distorFormat><distorTran><transSize>33.5</transSize><onLineSrc><linkage>http://www.nj.gov/transportation/gis/zip/NJ_Roads.zip</linkage><orDesc>Web browser</orDesc></onLineSrc></distorTran><distorTran><onLineSrc><orDesc>Web browser</orDesc></onLineSrc></distorTran></distributor><distTranOps><onLineSrc><linkage>http://www.nj.gov/transportation/gis/zip/NJ_Roads.zip</linkage></onLineSrc><transSize Sync="TRUE">0.000</transSize></distTranOps><distFormat><formatName Sync="TRUE">Personal GeoDatabase Feature Class</formatName></distFormat></distInfo><dataIdInfo><idCitation xmlns=""><resTitle Sync="TRUE">Streets</resTitle><date><pubDate time="unknown">2016-10-01</pubDate></date><resEd>1.22</resEd><citRespParty><rpOrgName>New Jersey Department of Transportation (NJDOT), Bureau of Transportation Data and Safety (BTDS)</rpOrgName><role><RoleCd value="006"/></role></citRespParty><citRespParty><rpOrgName>New Jersey Department of Transportation (NJDOT), Bureau of Transportation Data and Safety (BTDS)</rpOrgName><rpCntInfo><cntAddress><delPoint>Trenton, NJ</delPoint></cntAddress></rpCntInfo><role><RoleCd value="010"/></role></citRespParty><presForm xmlns=""><PresFormCd value="005"/></presForm><presForm xmlns=""><fgdcGeoform>vector digital data</fgdcGeoform></presForm></idCitation><idAbs>&lt;DIV STYLE="text-align:Left;"&gt;&lt;DIV&gt;&lt;DIV&gt;&lt;P&gt;&lt;SPAN&gt;NJDOT has adopted a new data model for their transportation network. This data model was designed using portions of the ESRI UNETRANS data model, and incorporates existing data with more recent spatial and roadway inventory data. These data will encompass the NJDOT statewide road network, as well as public roads that fall outside of the NJDOT's jurisdiction. Roads were digitized using 2002 New Jersey statewide orthophotos, which were produced at a scale of 1:2400 (1"=200') with a 1 foot pixel resolution. The orthophotos were captured during February-April 2002, and were ortho-rectified to a +/- 4.0 foot horizontal accuracy at a 95% confidence level. Roads were digitized to the visible center of a street, within a tolerance of +/- 3 feet and then attributed using data collected for the Maintenance Management Systems and Local Road Inventory projects (2002-2005), which are both NJDOT BTDD data collection projects. Only public roads were digitized and attributed. Roads were digitized as divided where there was a visible, physical median separating carriageways for a length of greater than 600 feet. In the secondary direction, along median separated segments of roadway in the south and westbound directions, the milepost values are opposite to those in the primary direction. Ramps were digitized when the gore-to-gore distance was greater than 25 feet. This dataset does not include address range attributes. The project began in November 2003, and was completed by May 31, 2005.&lt;/SPAN&gt;&lt;/P&gt;&lt;/DIV&gt;&lt;/DIV&gt;&lt;/DIV&gt;</idAbs><idPurp>Provide a comprehensive road network of New Jersey that conforms to the NJDOT data model. This road network does not include private roads.</idPurp><idStatus><ProgCd value="001"/></idStatus><idPoC><rpIndName>Donald O. Perry</rpIndName><rpOrgName>NJDOT</rpOrgName><rpPosName>GIS Specialist 1</rpPosName><rpCntInfo><cntPhone><voiceNum>609-530-2945</voiceNum><faxNum>609-530-3514</faxNum></cntPhone><cntAddress addressType="both"><delPoint>1035 Parkway Ave.</delPoint><city>Trenton</city><adminArea>New Jersey</adminArea><postCode>08625</postCode><country>US</country><eMailAdd>Don.Perry@dot.nj.gov</eMailAdd></cntAddress></rpCntInfo><role><RoleCd value="007"/></role></idPoC><resMaint><maintFreq><MaintFreqCd value="008"/></maintFreq></resMaint><placeKeys xmlns=""><keyword>NJ</keyword><keyword>New Jersey</keyword></placeKeys><tempKeys xmlns=""><keyword>2002</keyword><keyword>2005</keyword><keyword>2006</keyword><keyword>2007</keyword><keyword>2008</keyword><keyword>2009</keyword><keyword>2010</keyword><keyword>2011</keyword><keyword>2012</keyword><keyword>2013</keyword><keyword>2014</keyword><keyword>2015</keyword><keyword>2016</keyword></tempKeys><themeKeys xmlns=""><keyword>NJ Route Layer</keyword><keyword>transportation</keyword><keyword>Road network</keyword><keyword>Straight Line Diagrams (SLD)</keyword><keyword>NJ roadways</keyword><keyword>roadways</keyword><keyword>public roads</keyword><keyword>roads</keyword><keyword>njfw_transport</keyword><keyword>NJDOT Transportation Data Model</keyword><keyword>Bureau of Safety Programs (BSP)</keyword><keyword>New Jersey</keyword><keyword>New Jersey Department of Transportation (NJDOT)</keyword><keyword>NJGIN</keyword><keyword>Bureau of Transportation Data Development (BTDD)</keyword><keyword>2002 New Jersey orthophotos</keyword><keyword>multi centerline data model</keyword><keyword>Local Road Inventory (LRI)</keyword></themeKeys><searchKeys><keyword>roads</keyword><keyword>njfw_transport</keyword><keyword>transportation</keyword><keyword>NJ Route Layer</keyword><keyword>New Jersey Department of Transportation (NJDOT)</keyword><keyword>NJ roadways</keyword><keyword>2005 multi centerline data model</keyword><keyword>Bureau of Transportation Data Development (BTDD)</keyword><keyword>NJGIN</keyword><keyword>2002 New Jersey orthophotos</keyword><keyword>public roads</keyword><keyword>NJDOT Transportation Data Model</keyword><keyword>New Jersey</keyword><keyword>New Jersey</keyword><keyword>roadways</keyword><keyword>Straight Line Diagrams (SLD)</keyword><keyword>NJ</keyword><keyword>Bureau of Safety Programs (BSP)</keyword><keyword>Local Road Inventory (LRI)</keyword><keyword>Road network</keyword><keyword>2006</keyword><keyword>2007</keyword><keyword>2008</keyword><keyword>2009</keyword><keyword>2010</keyword><keyword>2011</keyword><keyword>2012</keyword><keyword>2013</keyword><keyword>2014</keyword><keyword>2015</keyword><keyword>2016.</keyword></searchKeys><resConst><LegConsts><useLimit>The data will be provided as is. NJDOT BTDS will not assume any liability incurred by usage of this data.</useLimit></LegConsts></resConst><resConst><SecConsts><classSys>NJGIN</classSys><handDesc>This dataset is public domain</handDesc></SecConsts></resConst><resConst><Consts><useLimit>&lt;DIV STYLE="text-align:Left;"&gt;&lt;DIV&gt;&lt;DIV&gt;&lt;P&gt;&lt;SPAN&gt;Contact: Donald O. Perry NJDOT GIS Specialist 1 1035 Parkway Ave. Trenton, NJ 08625 609-530-2945 Don.Perry@dot.nj.gov&lt;/SPAN&gt;&lt;/P&gt;&lt;/DIV&gt;&lt;/DIV&gt;&lt;/DIV&gt;</useLimit></Consts></resConst><spatRpType><SpatRepTypCd value="001"/></spatRpType><dataLang><languageCode value="eng"/><countryCode value="USA" Sync="TRUE"/></dataLang><envirDesc Sync="TRUE"> Version 6.2 (Build 9200) ; Esri ArcGIS 10.6.1.9270</envirDesc><dataExt><geoEle><GeoBndBox><westBL>-75.577155</westBL><eastBL>-73.908375</eastBL><southBL>38.9262</southBL><northBL>41.35558</northBL></GeoBndBox></geoEle></dataExt><dataExt><geoEle xmlns=""><GeoBndBox esriExtentType="search"><exTypeCode Sync="TRUE">1</exTypeCode><westBL Sync="TRUE">-75.577155</westBL><eastBL Sync="TRUE">-73.908375</eastBL><northBL Sync="TRUE">41.355580</northBL><southBL Sync="TRUE">38.926200</southBL></GeoBndBox></geoEle></dataExt><dataChar><CharSetCd value="004"/></dataChar><tpCat><TopicCatCd value="018"/></tpCat></dataIdInfo><mdMaint><maintFreq><MaintFreqCd value="012"/></maintFreq><maintNote>Last metadata review date: 20161001</maintNote></mdMaint><dqInfo><dqScope><scpLvl><ScopeCd value="005"/></scpLvl></dqScope><report type="DQConcConsis"><measDesc>Topology checks were performed on the dataset in order to verify that the data was consistent and correct. Topology rules included: must not overlap; must not intersect; must not have dangles; and must not self-overlap.</measDesc></report><report type="DQCompOm"><measDesc>Private roads were not digitized. These roads were not included in the newly adopted NJDOT Data Model.</measDesc></report><report type="DQQuanAttAcc"><measDesc>MP_START MP_START and MP_END values were populated by data collected for the MMS and LRI projects for the NJDOT BTDD which are based on DMI. These data were collected from 2002-2005. Additional control points were used when applying M-values for routes greater than 5 miles in length. In instances were no inventory data exists (including, but not limited to, secondary direction of 500 series and lower) shape_length was used to approximate MP_START and MP_END. MP_END MP_START and MP_END values were populated by data collected for the MMS and LRI projects for the NJDOT BTDD which are based on DMI. These data were collected from 2002-2005. Additional control points were used when applying M-values for routes greater than 5 miles in length. In instances were no inventory data exists (including, but not limited to, secondary direction of 500 series and lower) shape_length was used to approximate MP_START and MP_END. MEASURED_LENGTH The MEASURED_LENGTH is derived from MP_END and MP_START values. MP_START and MP_END values were populated by data collected for the MMS and LRI projects for the NJDOT BTDD which are based on DMI. These data were collected from 2002-2005. Additional control points were used when applying M-values for routes greater than 5 miles in length. In instances were no inventory data exists (including, but not limited to, secondary direction of 500 series and lower) shape_length was used to approximate MP_START and MP_END. SRI In the case of a secondary direction SRI where the identifier already exists in the SLD database, the SRI was temporarily given a 'Z' suffix in order to maintain separation of linework and data. The SRI naming convention for NJ routes is as follows: CCMMRRRRSDQIPPPPP Where: CC - County code (00-21, see following pages). This will be 00 for all State, Interstate, US, Toll Authority, and 500 Routes. MM - The two digit municipality code (see following pages). This will be 00 for Interstate, US, Toll Authority and State Routes, and County Routes (500, 600, and 700 Series). RRRR - The four-digit road number. For numbered routes (Interstates, State and US routes), this number will be the posted route number (right-justified). S - The route suffix if one exists (B - Business; A - Alternate; S - Spur). For example, this would be "B" for US 1 Business. If a suffix does not exist, a "_" character will be used. D - The primary direction in which the route runs (N, S, E, W). This will be used for the secondary direction on divided highways. For undivided routes, or the primary direction of divided routes, a "_" character will be used. Q - Ramp Description. This character is reserved for the ramp description. The descriptions are as follows: A - Off ramp exiting the predominant route in the primary direction (increasing milepost readings) of the predominant route. B - On ramp entering the predominant route in the primary direction of the predominant route. C - Collector lanes in the primary direction of the predominant route. X - Off ramp exiting the predominant route in the secondary direction (decreasing milepost readings) of the predominant route. Y- On ramp entering the predominant route in the secondary direction of the predominant route. Z - Collector lanes in the secondary direction of the predominant route. For information on County and Municipal Codes, please see http://www.state.nj.us/transportation/refdata/sldiag/codes.pdf</measDesc></report><report type="DQAbsExtPosAcc" dimension="horizontal"><measDesc>Roads were digitized to the visible center of a street, within a tolerance of +/- 3 feet. Digitizers were trained to visually check work against the aerial. A random QC was complete to ensure consistency.</measDesc></report><dataLineage><dataSource><srcDesc>Digital color infrared (CIR) orthophotography of New Jersey in State Plane NAD83 Coordinates, U.S. Survey Feet. The digital orthophotography was produced at a scale of 1:2400 (1"=200') with a 1 foot pixel resolution. Digital orthophotography combines the image characteristics of a photograph with the geometric qualities of a map. Digital orthophotography is a process which converts aerial photography from an original photo negative to a digital product that has been positionally corrected for camera lens distortion, vertical displacement and variations in aircraft altitude and orientation. Aerial photography of the entire State of New Jersey was captured during February-April, 2002. The ortho-rectification process achieved a +/-4.0 ft. horizontal accuracy at a 95% confidence level, National Standard for Spatial Data Accuracy (NSSDA). This dataset consists of 5000' x 5000' files in MrSID format with a 15:1 compresssion ratio. The files were produced utilizing MrSID Geospatial Edition 1.4 and are approximately 5 MB in size</srcDesc><srcScale><rfDenom>2400</rfDenom></srcScale><srcCitatn><resTitle>New Jersey 2002 High Resolution Orthophotography</resTitle><resAltTitle>2002 Orthophotography</resAltTitle><date><pubDate>2003-01-01</pubDate></date><citRespParty><rpOrgName>NJOIT - OGIS</rpOrgName><rpCntInfo><cntAddress><delPoint>Trenton, NJ</delPoint></cntAddress></rpCntInfo><role><RoleCd value="010"/></role></citRespParty><citRespParty><rpOrgName>State of New Jersey Office of Information Technology - Office of Geographic Information Systems</rpOrgName><role><RoleCd value="006"/></role></citRespParty><presForm><PresFormCd value="005"/></presForm><presForm><fgdcGeoform>raster digital data</fgdcGeoform></presForm></srcCitatn><srcExt><exDesc>publication date</exDesc><tempEle><TempExtent><exTemp><TM_Period><tmBegin>2002-02-01</tmBegin><tmEnd>2002-04-01</tmEnd></TM_Period></exTemp></TempExtent></tempEle></srcExt></dataSource><dataSource><srcDesc>Attributes for road segments</srcDesc><srcCitatn><resTitle>Maintenance Management System</resTitle><resAltTitle>Maintenance Management System</resAltTitle><date><pubDate>2005-01-01</pubDate></date><citRespParty><rpOrgName>NJDOT BTDD</rpOrgName><rpCntInfo><cntAddress><delPoint>Trenton, NJ</delPoint></cntAddress></rpCntInfo><role><RoleCd value="010"/></role></citRespParty><citRespParty><rpOrgName>NJDOT BTDD</rpOrgName><role><RoleCd value="006"/></role></citRespParty><presForm><PresFormCd value="001"/></presForm><presForm><fgdcGeoform>tabular digital data</fgdcGeoform></presForm></srcCitatn><srcExt><exDesc>ground condition</exDesc><tempEle><TempExtent><exTemp><TM_Period><tmBegin>2002-01-01</tmBegin><tmEnd>2005-01-01</tmEnd></TM_Period></exTemp></TempExtent></tempEle></srcExt></dataSource><dataSource><srcDesc>Currently no metadata exists. For a complete SLD data dictionary, please contact: Donald O. Perry GIS Specialist 1 Bureau of Transportation Data and Safety New Jersey Department of Transportation Phone: (609) 530-2945 Fax: (609) 530-3514</srcDesc><srcMedName><MedNameCd value="001"/></srcMedName><srcCitatn><resTitle>Straight Line Diagrams</resTitle><resAltTitle>Straight Line Diagrams</resAltTitle><date><pubDate>2005-01-01</pubDate></date><citRespParty><rpOrgName>NJDOT BTDS</rpOrgName><role><RoleCd value="006"/></role></citRespParty><citRespParty><rpOrgName>NJDOT BTDS</rpOrgName><rpCntInfo><cntAddress><delPoint>Trenton, NJ</delPoint></cntAddress></rpCntInfo><role><RoleCd value="010"/></role></citRespParty><presForm><PresFormCd value="001"/></presForm><presForm><fgdcGeoform>tabular digital data</fgdcGeoform></presForm><otherCitDet>For a complete SLD data dictionary, please contact: Donald O. Perry GIS Specialist 1 Bureau of Transportation Data and Safety New Jersey Department of Transportation Phone: (609) 530-2945 Fax: (609) 530-3514</otherCitDet></srcCitatn><srcExt><exDesc>ground condition</exDesc><tempEle><TempExtent><exTemp><TM_Period><tmBegin>2002-01-01</tmBegin><tmEnd>2005-01-01</tmEnd></TM_Period></exTemp></TempExtent></tempEle></srcExt></dataSource><dataSource><srcDesc>Identification of public roads, attributes for road segments.</srcDesc><srcCitatn><resTitle>Local Road Inventory</resTitle><resAltTitle>Local Road Inventory</resAltTitle><date><pubDate>2005-01-01</pubDate></date><citRespParty><rpOrgName>NJDOT BTDD</rpOrgName><role><RoleCd value="006"/></role></citRespParty><citRespParty><rpOrgName>NJDOT BTDD</rpOrgName><rpCntInfo><cntAddress><delPoint>Trenton, NJ</delPoint></cntAddress></rpCntInfo><role><RoleCd value="010"/></role></citRespParty><presForm><PresFormCd value="005"/></presForm><presForm><fgdcGeoform>vector digital data</fgdcGeoform></presForm></srcCitatn><srcExt><exDesc>ground condition</exDesc><tempEle><TempExtent><exTemp><TM_Period><tmBegin>2002-01-01</tmBegin><tmEnd>2005-01-01</tmEnd></TM_Period></exTemp></TempExtent></tempEle></srcExt></dataSource><prcStep><stepDesc>Roads were then attributed and mileposted using data collected for the Maintenance Management Systems and Local Road Inventory projects (2002-2005), which are both NJDOT BTDD data collection projects.</stepDesc><stepDateTm>2005-05-31</stepDateTm><stepSrc type="used"><srcCitatn><resAltTitle>Local Road Inventory</resAltTitle></srcCitatn></stepSrc><stepSrc type="used"><srcCitatn><resAltTitle>Maintenance Management System</resAltTitle></srcCitatn></stepSrc></prcStep><prcStep><stepDesc>Linework was digitized off of the 2002 statewide orthophotos to the visible center of a street, within a tolerance of +/- 3 feet. DGN's created for the Local Road Inventory project were used to determine whether a road was public or private. Only public roads were digitized.</stepDesc><stepDateTm>2005-05-31</stepDateTm><stepProc><rpIndName>GIS Project Manager</rpIndName><rpOrgName>Michael Baker, Jr. Inc.</rpOrgName><rpCntInfo><cntPhone><voiceNum>609-807-9500</voiceNum><faxNum>609-807-9550</faxNum></cntPhone><cntAddress addressType="both"><delPoint>300 American Metro Boulevard</delPoint><city>Hamilton</city><adminArea>NJ</adminArea><postCode>08619</postCode><country>US</country></cntAddress></rpCntInfo><role><RoleCd value="009"/></role></stepProc><stepSrc type="used"><srcCitatn><resAltTitle>2002 Orthophotography</resAltTitle></srcCitatn></stepSrc></prcStep><prcStep><stepDesc>The attribute field "SRI_DOTGIS" was added. This field is an abbreviated version of the SRI field in which trailing underbar characters have been removed where applicable.</stepDesc><stepDateTm>2005-08-03</stepDateTm></prcStep><prcStep><stepDesc>All routes over 5 miles in length were calibrated using the route calibration tool within ArcGIS 8.3. A control point layer was created by using dynamic segmentation to plot select intersections from the da_intersection table in the SLD database onto the Roadway Network. Each control point was then snapped to the proper intersection. Once all control points were properly located, the calibrate routes wizard was run to produced newly calibrated routes.</stepDesc><stepDateTm>2006-11-17</stepDateTm></prcStep><prcStep><stepDesc>Updated per revisions from updated inventory and route changes.</stepDesc><stepDateTm>2007-04-05</stepDateTm></prcStep><prcStep><stepDesc>Updated per revisions from updated inventory and route changes.</stepDesc><stepDateTm>2007-05-31</stepDateTm></prcStep><prcStep><stepDesc>Updated per revisions from updated inventory and route changes.</stepDesc><stepDateTm>2007-07-11</stepDateTm></prcStep><prcStep><stepDesc>Updated per revisions from updated inventory and route changes.</stepDesc><stepDateTm>2007-09-27</stepDateTm></prcStep><prcStep><stepDesc>Updated per revisions from updated inventory and route changes.</stepDesc><stepDateTm>2007-11-13</stepDateTm></prcStep><prcStep><stepDesc>Updated per revisions from updated inventory and route changes.</stepDesc><stepDateTm>2008-03-27</stepDateTm></prcStep><prcStep><stepDesc>Updated per revisions from updated inventory and route changes. Topology checks were performed on the dataset in order to ensure that the data was consistent and correct. Topology rules included: must not overlap; must be single part; must not have dangles; and must not self-overlap. "SRI_OLD" field replaced the "SRI_DOTGIS" field that was present in previous versions.</stepDesc><stepDateTm>2008-06-12</stepDateTm></prcStep><prcStep><stepDesc>Updated per revisions from updated inventory and route changes.</stepDesc><stepDateTm>2009-03-11</stepDateTm></prcStep><prcStep><stepDesc>Updated per revisions from updated inventory and route changes. Route 40Z no longer exists due to the realignment of US 40 and NJ 47. US 40 mileage shifted by 0.04 after MP 27.21. NJ 47 mileage shifted by 0.01.</stepDesc><stepDateTm>2009-07-16</stepDateTm></prcStep><prcStep><stepDesc>Updated per revisions from updated inventory and route changes. NJ166Z as been added due to a new alignment in the secondary direction of NJ 166 . A realignment on US 322 was incorporated at MP 17.84. US 322 was shifted by 0.06 after MP 17.84. NJ 47 mileage was reduced by 0.03 at MP 62.87.</stepDesc><stepDateTm>2009-10-02</stepDateTm></prcStep><prcStep><stepDesc>Updated per revisions from updated inventory and route changes. Approximately 350 miles of new or updated local road miles were incorporated.</stepDesc><stepDateTm>2010-07-01</stepDateTm></prcStep><prcStep><stepDesc>Updated per revisions from updated inventory and route changes. Approximately 220 miles of new or updated local road miles were incorporated.</stepDesc><stepDateTm>2010-12-31</stepDateTm></prcStep><prcStep><stepDesc>Updated per revisions from updated inventory and route changes. Includes realignment of NJ 18 in New Brunswick and US 1 in Rahway. Also includes updates to ramps statewide based upon field inventory.</stepDesc><stepDateTm>2011-08-01</stepDateTm></prcStep><prcStep><stepDesc>Updated per revisions from updated inventory and route changes.</stepDesc><stepDateTm>2012-05-23</stepDateTm></prcStep><prcStep><stepDesc>Updated per revisions from updated inventory and route changes.</stepDesc><stepDateTm>2013-02-15</stepDateTm></prcStep><prcStep><stepDesc>Updated per revisions from updated inventory and route changes. Updates include: realignment of US 322/NJ 45 in Harrison Twp; realignment of US 9 at Cape May Ferry; updates to Hudson County routes to more accurately reflect county route numbers.</stepDesc><stepDateTm>2013-11-01</stepDateTm></prcStep><prcStep><stepDesc>Updated per revisions from updated inventory and route changes. Updates include: Additions of 206 Bypass and 506SZ; and the realignments of US 1 Truck and the start of NJ 15.</stepDesc><stepDateTm>2014-12-01</stepDateTm></prcStep><prcStep><stepDesc>Updated per revisions from updated inventory and route changes, which are reflected in the 2015 SLD.</stepDesc><stepDateTm>2015-07-15</stepDateTm></prcStep><prcStep><stepDesc>Updated per revisions from updated inventory and route changes. Updates include NJ 18 extension in Piscataway to I 287 and the addition of US 22 express in Bridgewater.</stepDesc><stepDateTm>2016-10-01</stepDateTm></prcStep></dataLineage></dqInfo><spatRepInfo><VectSpatRep><geometObjs Name="Streets"><geoObjTyp><GeoObjTypCd value="002" Sync="TRUE"></GeoObjTypCd></geoObjTyp><geoObjCnt Sync="TRUE">0</geoObjCnt></geometObjs><topLvl><TopoLevCd value="001" Sync="TRUE"></TopoLevCd></topLvl></VectSpatRep></spatRepInfo><eainfo><detailed Name="Streets"><enttyp><enttypl Sync="TRUE">Streets</enttypl><enttypd>Public roads in New Jersey</enttypd><enttypds>NJ Department of Transportation</enttypds><enttypt Sync="TRUE">Feature Class</enttypt><enttypc Sync="TRUE">0</enttypc></enttyp><attr><attrlabl Sync="TRUE">ObJID</attrlabl><attalias Sync="TRUE">OBJECTID</attalias><attrtype Sync="TRUE">OID</attrtype><attwidth Sync="TRUE">4</attwidth><atprecis Sync="TRUE">0</atprecis><attscale Sync="TRUE">0</attscale><attrdef Sync="TRUE">Internal feature number.</attrdef><attrdefs Sync="TRUE">Esri</attrdefs><attrdomv><udom Sync="TRUE">Sequential unique whole numbers that are automatically generated.</udom></attrdomv></attr><attr><attrlabl>MP_END</attrlabl><attrdef>Milepost End of the roadway segment.</attrdef><attrdefs>NJDOT</attrdefs><attrdomv><rdom><rdommin>0.001</rdommin><rdommax>172.4</rdommax></rdom><udom Sync="TRUE">Sequential unique whole numbers that are automatically generated.</udom></attrdomv><attalias Sync="TRUE">MP_END</attalias><attrtype Sync="TRUE">Single</attrtype><attwidth Sync="TRUE">4</attwidth><atprecis Sync="TRUE">0</atprecis><attscale Sync="TRUE">0</attscale></attr><attr><attrlabl>ACTIVE</attrlabl><attrdef>Roadway is actively maintained.</attrdef><attrdefs>NJDOT</attrdefs><attrdomv><edom><edomv>Y</edomv><edomvd>Yes</edomvd><edomvds>NJDOT</edomvds></edom><edom><edomv>N</edomv><edomvd>No</edomvd><edomvds>NJDOT</edomvds></edom></attrdomv><attalias Sync="TRUE">ACTIVE</attalias><attrtype Sync="TRUE">String</attrtype><attwidth Sync="TRUE">1</attwidth><atprecis Sync="TRUE">0</atprecis><attscale Sync="TRUE">0</attscale></attr><attr><attrlabl>ROAD_NUM</attrlabl><attrdef>Route identification number excluding route prefix.</attrdef><attrdefs>NJDOT</attrdefs><attrdomv><udom>Route number or "Null"</udom></attrdomv><attalias Sync="TRUE">ROAD_NUM</attalias><attrtype Sync="TRUE">String</attrtype><attwidth Sync="TRUE">5</attwidth><atprecis Sync="TRUE">0</atprecis><attscale Sync="TRUE">0</attscale></attr><attr><attrlabl>UPDT_DATE</attrlabl><attrdef>Last date the record was updated.</attrdef><attrdefs>NJDOT</attrdefs><attrdomv><udom>Date in "YYYYMMDD" format or "Null"</udom></attrdomv><attalias Sync="TRUE">UPDT_DATE</attalias><attrtype Sync="TRUE">Date</attrtype><attwidth Sync="TRUE">8</attwidth><atprecis Sync="TRUE">0</atprecis><attscale Sync="TRUE">0</attscale></attr><attr><attrlabl>SLD_NAME</attrlabl><attrdef>Generalized name of the route.</attrdef><attrdefs>NJDOT</attrdefs><attrdomv><udom>Route number or street name</udom></attrdomv><attalias Sync="TRUE">SLD_NAME</attalias><attrtype Sync="TRUE">String</attrtype><attwidth Sync="TRUE">50</attwidth><atprecis Sync="TRUE">0</atprecis><attscale Sync="TRUE">0</attscale></attr><attr><attrlabl>PARENT_SRI</attrlabl><attrdef>The shared identifier of the highest level route segment that carries the mileage and defines the road number. These segment types include, but are not limited to, secondary direction, express lanes and ramps.</attrdef><attrdefs>NJDOT</attrdefs><attrdomv><udom>Refer to SRI</udom></attrdomv><attalias Sync="TRUE">PARENT_SRI</attalias><attrtype Sync="TRUE">String</attrtype><attwidth Sync="TRUE">20</attwidth><atprecis Sync="TRUE">0</atprecis><attscale Sync="TRUE">0</attscale></attr><attr><attrlabl>DIRECTION</attrlabl><attrdef>Generalized direction of the route segment.</attrdef><attrdefs>NJDOT</attrdefs><attrdomv><udom>The following values may be present: "West to East"; "East to West"; "North to South"; "South to North"; "Null"</udom></attrdomv><attalias Sync="TRUE">DIRECTION</attalias><attrtype Sync="TRUE">String</attrtype><attwidth Sync="TRUE">50</attwidth><atprecis Sync="TRUE">0</atprecis><attscale Sync="TRUE">0</attscale></attr><attr><attrlabl Sync="TRUE">MEASURED_L</attrlabl><attalias Sync="TRUE">MEASURED_L</attalias><attrtype Sync="TRUE">Single</attrtype><attwidth Sync="TRUE">4</attwidth><atprecis Sync="TRUE">0</atprecis><attscale Sync="TRUE">0</attscale></attr><attr><attrlabl>SRI</attrlabl><attrdef>Route naming convention (Standard Route Identifier) for the route carriageway.</attrdef><attrdefs>NJDOT</attrdefs><attrdomv><udom>The SRI naming convention for NJ routes is as follows: CCMMRRRRSDQIPPPPP Where: CC - County code (00-21, see following pages). This will be 00 for all State, Interstate, US, Toll Authority, and 500 Routes. MM - The two digit municipality code (see following pages). This will be 00 for Interstate, US, Toll Authority and State Routes, and County Routes (500, 600, and 700 Series). RRRR - The four-digit road number. For numbered routes (Interstates, State and US routes), this number will be the posted route number (right-justified). S - The route suffix if one exists (B - Business; A - Alternate; S - Spur). For example, this would be "B" for US 1 Business. If a suffix does not exist, a "_" character will be used. D - The primary direction in which the route runs (N, S, E, W). This will be used for the secondary direction on divided highways. For undivided routes, or the primary direction of divided routes, a "_" character will be used. Q - Ramp Description. This character is reserved for the ramp description. The descriptions are as follows: A - Off ramp exiting the predominant route in the primary direction (increasing milepost readings) of the predominant route. B - On ramp entering the predominant route in the primary direction of the predominant route. C - Collector lanes in the primary direction of the predominant route. X - Off ramp exiting the predominant route in the secondary direction (decreasing milepost readings) of the predominant route. Y- On ramp entering the predominant route in the secondary direction of the predominant route. Z - Collector lanes in the secondary direction of the predominant route. For information on County and Municipal Codes, please see http://www.state.nj.us/transportation/refdata/sldiag/codes.pdf</udom></attrdomv><attalias Sync="TRUE">SRI</attalias><attrtype Sync="TRUE">String</attrtype><attwidth Sync="TRUE">20</attwidth><atprecis Sync="TRUE">0</atprecis><attscale Sync="TRUE">0</attscale></attr><attr><attrlabl Sync="TRUE">PARENT_MP_</attrlabl><attalias Sync="TRUE">PARENT_MP_</attalias><attrtype Sync="TRUE">Single</attrtype><attwidth Sync="TRUE">4</attwidth><atprecis Sync="TRUE">0</atprecis><attscale Sync="TRUE">0</attscale></attr><attr><attrlabl Sync="TRUE">PARENT_MP1</attrlabl><attalias Sync="TRUE">PARENT_MP1</attalias><attrtype Sync="TRUE">Single</attrtype><attwidth Sync="TRUE">4</attwidth><atprecis Sync="TRUE">0</atprecis><attscale Sync="TRUE">0</attscale></attr><attr><attrlabl>SRI_OLD</attrlabl><attrdef>Abbreviated SRI. This field contains an abbreviated SRI (when applicable) by removing trailing underbar characters. This field replaces the "SRI_DOTGIS" field that was present in previous versions.</attrdef><attrdefs>NJDOT</attrdefs><attrdomv><udom>Refer to SRI</udom></attrdomv><attalias Sync="TRUE">SRI_OLD</attalias><attrtype Sync="TRUE">String</attrtype><attwidth Sync="TRUE">20</attwidth><atprecis Sync="TRUE">0</atprecis><attscale Sync="TRUE">0</attscale></attr><attr><attrlabl Sync="TRUE">YEAR_ACTIV</attrlabl><attalias Sync="TRUE">YEAR_ACTIV</attalias><attrtype Sync="TRUE">Date</attrtype><attwidth Sync="TRUE">8</attwidth><atprecis Sync="TRUE">0</atprecis><attscale Sync="TRUE">0</attscale></attr><attr><attrlabl Sync="TRUE">YEAR_RETIR</attrlabl><attalias Sync="TRUE">YEAR_RETIR</attalias><attrtype Sync="TRUE">Date</attrtype><attwidth Sync="TRUE">8</attwidth><atprecis Sync="TRUE">0</atprecis><attscale Sync="TRUE">0</attscale></attr><attr><attrlabl Sync="TRUE">ROUTE_SUBT</attrlabl><attalias Sync="TRUE">ROUTE_SUBT</attalias><attrtype Sync="TRUE">Integer</attrtype><attwidth Sync="TRUE">4</attwidth><atprecis Sync="TRUE">0</atprecis><attscale Sync="TRUE">0</attscale></attr><attr><attrlabl>MP_START</attrlabl><attrdef>Milepost Start of the roadway segment.</attrdef><attrdefs>NJDOT</attrdefs><attrdomv><rdom><rdommin>0</rdommin><rdommax>164.58</rdommax></rdom></attrdomv><attalias Sync="TRUE">MP_START</attalias><attrtype Sync="TRUE">Single</attrtype><attwidth Sync="TRUE">4</attwidth><atprecis Sync="TRUE">0</atprecis><attscale Sync="TRUE">0</attscale></attr><attr><attrlabl Sync="TRUE">UPDT_USER_</attrlabl><attalias Sync="TRUE">UPDT_USER_</attalias><attrtype Sync="TRUE">String</attrtype><attwidth Sync="TRUE">50</attwidth><atprecis Sync="TRUE">0</atprecis><attscale Sync="TRUE">0</attscale></attr><attr><attrlabl>SHAPE</attrlabl><attrdef>Feature geometry.</attrdef><attrdefs>ESRI</attrdefs><attrdomv><udom>Coordinates defining the features.</udom></attrdomv><attalias Sync="TRUE">CREATED_US</attalias><attrtype Sync="TRUE">String</attrtype><attwidth Sync="TRUE">50</attwidth><atprecis Sync="TRUE">0</atprecis><attscale Sync="TRUE">0</attscale></attr><attr><attrlabl Sync="TRUE">CREATED_US</attrlabl><attalias Sync="TRUE">CREATED_DA</attalias><attrtype Sync="TRUE">Date</attrtype><attwidth Sync="TRUE">8</attwidth><atprecis Sync="TRUE">0</atprecis><attscale Sync="TRUE">0</attscale></attr><attr><attrlabl Sync="TRUE">CREATED_DA</attrlabl><attalias Sync="TRUE">Shape</attalias><attrtype Sync="TRUE">Geometry</attrtype><attwidth Sync="TRUE">0</attwidth><atprecis Sync="TRUE">0</atprecis><attscale Sync="TRUE">0</attscale><attrdef Sync="TRUE">Feature geometry.</attrdef><attrdefs Sync="TRUE">Esri</attrdefs><attrdomv><udom Sync="TRUE">Coordinates defining the features.</udom></attrdomv></attr><attr><attrlabl>Shape</attrlabl><attrdef>Feature geometry.</attrdef><attrdefs>ESRI</attrdefs><attrdomv><udom>Coordinates defining the features.</udom></attrdomv><attalias Sync="TRUE">Shape_Leng</attalias><attrtype Sync="TRUE">Double</attrtype><attwidth Sync="TRUE">8</attwidth><atprecis Sync="TRUE">0</atprecis><attscale Sync="TRUE">0</attscale></attr><attr><attrlabl Sync="TRUE">Shape_Leng</attrlabl><attalias Sync="TRUE">ROUTE_SU_1</attalias><attrtype Sync="TRUE">Integer</attrtype><attwidth Sync="TRUE">4</attwidth><atprecis Sync="TRUE">0</atprecis><attscale Sync="TRUE">0</attscale></attr><attr><attrlabl Sync="TRUE">ROUTE_SU_1</attrlabl><attalias Sync="TRUE">SRIRESERV</attalias><attrtype Sync="TRUE">String</attrtype><attwidth Sync="TRUE">20</attwidth><atprecis Sync="TRUE">0</atprecis><attscale Sync="TRUE">0</attscale></attr><attr><attrlabl Sync="TRUE">SRIRESERV</attrlabl><attalias Sync="TRUE">RESERVDBL1</attalias><attrtype Sync="TRUE">Double</attrtype><attwidth Sync="TRUE">8</attwidth><atprecis Sync="TRUE">0</atprecis><attscale Sync="TRUE">0</attscale></attr><attr><attrlabl Sync="TRUE">RESERVDBL1</attrlabl><attalias Sync="TRUE">RESERVDBL2</attalias><attrtype Sync="TRUE">Double</attrtype><attwidth Sync="TRUE">8</attwidth><atprecis Sync="TRUE">0</atprecis><attscale Sync="TRUE">0</attscale></attr><attr><attrlabl Sync="TRUE">RESERVDBL2</attrlabl><attalias Sync="TRUE">RESERVTXT1</attalias><attrtype Sync="TRUE">String</attrtype><attwidth Sync="TRUE">50</attwidth><atprecis Sync="TRUE">0</atprecis><attscale Sync="TRUE">0</attscale></attr><attr><attrlabl Sync="TRUE">RESERVTXT1</attrlabl><attalias Sync="TRUE">RESERVTXT2</attalias><attrtype Sync="TRUE">String</attrtype><attwidth Sync="TRUE">50</attwidth><atprecis Sync="TRUE">0</atprecis><attscale Sync="TRUE">0</attscale></attr><attr><attrlabl Sync="TRUE">RESERVTXT2</attrlabl><attalias Sync="TRUE">RTE_LABEL</attalias><attrtype Sync="TRUE">String</attrtype><attwidth Sync="TRUE">10</attwidth><atprecis Sync="TRUE">0</atprecis><attscale Sync="TRUE">0</attscale></attr><attr><attrlabl Sync="TRUE">RTE_LABEL</attrlabl><attalias Sync="TRUE">ObJID</attalias><attrtype Sync="TRUE">Integer</attrtype><attwidth Sync="TRUE">4</attwidth><atprecis Sync="TRUE">0</atprecis><attscale Sync="TRUE">0</attscale></attr><attr><attrlabl Sync="TRUE">Shape_Length</attrlabl><attalias Sync="TRUE">Shape_Length</attalias><attrtype Sync="TRUE">Double</attrtype><attwidth Sync="TRUE">8</attwidth><atprecis Sync="TRUE">0</atprecis><attscale Sync="TRUE">0</attscale><attrdef Sync="TRUE">Length of feature in internal units.</attrdef><attrdefs Sync="TRUE">Esri</attrdefs><attrdomv><udom Sync="TRUE">Positive real numbers that are automatically generated.</udom></attrdomv></attr></detailed></eainfo><mdHrLvName Sync="TRUE">dataset</mdHrLvName><refSysInfo><RefSystem><refSysID><identCode code="3424" Sync="TRUE"/><idCodeSpace Sync="TRUE">EPSG</idCodeSpace><idVersion Sync="TRUE">8.9.3(9.3.0.0)</idVersion></refSysID></RefSystem></refSysInfo><spdoinfo><ptvctinf><esriterm Name="Streets"><efeatyp Sync="TRUE">Simple</efeatyp><efeageom code="3" Sync="TRUE"></efeageom><esritopo Sync="TRUE">FALSE</esritopo><efeacnt Sync="TRUE">0</efeacnt><spindex Sync="TRUE">TRUE</spindex><linrefer Sync="TRUE">TRUE</linrefer></esriterm></ptvctinf></spdoinfo></metadata>
